Column1;date;text
0;31.12.2024 12:35;"?? ЗБИТО 6 РАКЕТ ТА 16 ВОРОЖИХ БПЛА, ЩЕ 24 БЕЗПІЛОТНИКИ – НЕ ДОСЯГЛИ ЦІЛЕЙ (ЛОКАЦІЙНО ВТРАЧЕНІ)
??????????
У ніч на 31 грудня 2024 року (із 20.30 30 грудня) противник застосував 
61 засіб повітряного нападу:

- 6 балістичних ракет «Іскандер-М»/KN-23 із Воронезької обл.;
- 1 аеробалістична ракета Х-47М2 «Кинджал» із винищувача МіГ-31К із повітряного простору Тульської обл.
- 6 керованих авіаційних ракет Х-69 із літаків тактичної авіації з повітряного простору Бєлгородської обл.;
- 8 крилатих ракет Х-22 із літаків Ту-22М3 з повітряного простору Тульської обл.;
- 40 ударних БпЛА типу «Shahed» і безпілотників-імітаторів інших типів із напрямків Приморсько-Ахтарськ, Брянськ, Міллерово — рф.

?? В результаті бойової роботи підрозділами зенітних ракетних військ, радіоелектронної боротьби та мобільних вогневих груп Сил оборони збито:
- 1 аеробалістичну ракету Х-47М2 «Кинджал»; 
- 5 керованих авіаційних ракет Х-69;
- 16 ударних БпЛА типу «Shahed», ще 24 безпілотники-імітатори різних типів локаційно втрачені (без негативних наслідків)

Внаслідок російської атаки є влучання балістикою на Сумщині та Київщині.

Попри новорічний настрій, закликаємо громадян не ігнорувати повітряну тривогу. Бережіть себе та своїх рідних!

? Тримаймо стрій!
???? Разом до перемоги!"
1;25.12.2024 12:43;"?? ЗБИТО 113 ПОВІТРЯНИХ ЦІЛЕЙ 
??????????
У ніч на 25 грудня 2024 року російські окупанти здійснили комбінований удар по об’єктах паливно-енергетичного сектору України ракетами різних типів повітряного, наземного та морського базування, а також ударними БпЛА типу «Shahed» та дронами-імітаторами інших типів.

??Загалом радіотехнічними військами Повітряних Сил ЗС України виявлено та здійснено супровід 184 повітряних цілей противника:

- 2 балістичні ракети KN-23 (район пуску — Воронезька обл.);
- 10 зенітних керованих ракет С-300/С-400 (район пуску — Бєлгородська обл.)
- 12 крилатих ракет «Калібр» (із акваторії Чорного моря);
- 50 крилатих ракет Х-101/Х-55см із стратегічних бомбардувальників Ту-95мс (район пусків — Волгоградська обл., Каспійське море);
- 4 керовані авіаційні ракети Х-59/Х-69 із літаків тактичної авіації (район пусків — Бєлгородська обл.— рф.);
- 106 ударних БпЛА «Shahed»/дронів-імітаторів різних типів (із районів Брянськ, Міллерово, Орел, Приморсько-Ахтарськ – рф.).
 
До відбиття повітряного нападу противника залучалась, зенітні ракетні підрозділи, засоби РЕБ та мобільні вогневі групи Повітряних Сил та Сил оборони України.

??  За попередніми даними, станом на 12.00 підтверджено збиття 113 повітряних цілей:

- 55 крилатих ракет Х-101, Х-55см, «Калібр»;
- 4 керовані авіаційні ракети Х-59/Х-69;
- 54 ударні БпЛА «Shahed»/дрони-імітатори різних типів, ще 52 не досягли цілей (локаційно втрачені).

Противник атакував об’єкти української енергетики на Харківщині, Київщині, Дніпропетровщині, Полтавщині, Житомирщині, Івано-Франківщині та Запоріжжі. На жаль, внаслідок російської атаки є ураження.

Повітряні Сили готові до відбиття нападу і продовжують виконувати завдання із захисту повітряного простору держави.

? Тримаймо небо!
???? Разом – до перемоги!"
2;13.12.2024 11:55;"?? ЗБИТО 81 РАКЕТУ ТА 80 ВОРОЖИХ БПЛА, ЩЕ 105 БЕЗПІЛОТНИКІВ – НЕ ДОСЯГЛИ ЦІЛЕЙ (локаційно втрачені) 
??????????
Із 14.00 12 грудня по 10.00 13 грудня 2024 року противник здійснив комбінований повітряний напад по Україні ракетами різних типів та ударними безпілотниками.

Загалом радіотехнічними військами Повітряних Сил за цей період виявлено 287 засобів повітряного нападу противника — 94 ракети та 193 БпЛА, а саме:

- 4 аеробалістичні ракети Х-47М2 «Кинджал» із винищувачів МіГ-31К, район пусків  – Тамбовська обл.;
- 2 балістичні ракети «Іскандер-М», район пусків – Брянська обл., ТОТ Криму;
- 1 балістична ракета KN-23, район пусків – Брянська обл.;
- 55 крилатих ракет Х-101, Х-55СМ із стратегічних бомбардувальників Ту-95МС, район пусків — Волгоградська обл.;
- 24 крилатих ракет «Калібр», район пусків акваторія Чорного моря;
- 7 крилатих ракет «Іскандер-К», район пусків – Воронезька, Ростовська обл.;
- 1 керована авіаційна ракета Х-59/Х-69, район пусків повітряний простір над ТОТ Луганської обл.;
- 193 ударні БпЛА типу «Shahed» та безпілотників невстановленого типу із районів Курськ, Приморсько-Ахтарськ, Орел, Брянськ, Міллєрово – рф.

Повітряний напад відбивали зенітні ракетні війська, авіація, підрозділи РЕБ, мобільні вогневі групи Повітряних Сил та Сил оборони України. В тому числі ефективно відпрацювали F-16-ті!

?? Станом на 11.30 підтверджено збиття:
- 80 крилатих ракет Х-101/Х-55СМ/«Калібр»/«Іскандер-К»;
- 1 балістичної ракети «Іскандер-М»;
- 80 ударних БпЛА типу «Shahed» та безпілотників невстановленого типу. Крім того, 105 ворожих безпілотників через активну протидію Сил оборони не досягли своїх цілей (локаційно втрачені), п’ять – повернулись в росію, ще один – в Білорусь.

Вкотре ракетно-дроновий удар противника в основному був спрямований по об’єктах енергетики України.

? Тримаймо небо!
???? Разом – до перемоги!"
3;28.11.2024 10:52;"?? ЗБИТО 76 КРИЛАТИХ РАКЕТ, 3 КЕРОВАНІ АВІАЦІЙНІ РАКЕТИ ТА 35 ВОРОЖИХ БПЛА 
??????????
У ніч на 28 листопада 2024 року (із 19.30 27 листопада) противник завдав удару по Україні ракетами різних типів та ударними безпілотниками.

Загалом радіотехнічними військами Повітряних Сил виявлено 188 засобів повітряного нападу:
- 3 зенітні керовані ракети С-300 із Бєлгородської обл. – рф. по Харківщині;
- 57 крилатих ракет Х-101 із стратегічних бомбардувальників Ту-95МС, район пусків — Волгоградська обл. – рф.;
- 28 крилатих ракет «Калібр», район пусків акваторія Чорного моря;
- 3 керовані авіаційні ракети Х-59/69, район пусків повітряний простір над акваторією Чорного моря;
- 97 ударних БпЛА типу «Shahed» та безпілотників невстановленого типу із районів Курськ, Приморсько-Ахтарськ, Орел, Брянськ, Міллерово – рф.

Повітряний напад відбивали зенітні ракетні війська, авіація, підрозділи РЕБ, мобільні вогневі групи Повітряних Сил та Сил оборони України.

?? Станом на 10.30 підтверджено збиття:
- 76 крилатих ракет Х-101/«Калібр»;
- 3 керовані авіаційні ракети Х-59/69;
- 35 ударних БпЛА типу «Shahed» та безпілотників невстановленого типу (62 ворожих безпілотники локаційно втрачено).

Ракетно-дроновий удар противника був спрямований на об’єкти енергетики України.

? Тримаймо небо!
???? Разом – до перемоги!"
4;21.11.2024 09:23;"?? ЗБИТО ШІСТЬ КРИЛАТИХ РАКЕТ
??????????
Уранці 21 листопада 2024 року в період з 05.00 по 07.00 російські війська атакували місто Дніпро (підприємства та критичну інфраструктуру) ракетами різних типів. Зокрема, із Астраханської області рф було запущено міжконтинентальну балістичну ракету, із Тамбовської області з винищувача МіГ-31К — аеробалістичну ракету Х-47М2 «Кинджал», із стратегічних бомбардувальників Ту-95МС сім крилатих ракет Х-101 (район пусків — Волгоградська обл.).

?? Внаслідок протиповітряного бою підрозділами зенітних ракетних військ Повітряних Сил знищено шість ракет Х-101. По інших ракетах – без суттєвих наслідків.

Інформація про жертв та постраждалих на даний час не надходила. Учергове просимо громадян не зволікати сигналами повітряної тривоги! І закликаємо всіх медійників та блогерів відповідально поширювати ту чи іншу інформацію щодо бойової роботи Збройних Сил України і будь-яких загроз Українській державі.
???? Разом — до перемоги!"
5;17.11.2024 12:21;"?? ЗБИТО 144 ПОВІТРЯНІ ЦІЛІ — 102 РАКЕТИ ТА 42 БПЛА
??????????
У ніч на 17 листопада 2024 року (із 20.00 16 листопада) російські окупанти здійснили масований комбінований удар по об’єктах енергетичного сектору України ракетами різних типів повітряного, наземного та морського базування, а також ударними БпЛА типу «Shahed».

Загалом, за попередніми даними, радіотехнічними військами Повітряних Сил ЗС України виявлено та здійснено супровід 210 повітряних цілей противника — 120 ракет та 90 БпЛА.

По типах:
- 1 гіперзвукова корабельна ракета 3М22 “Циркон”;
- 8 аеробалістичних ракет Х-47М2 «Кинджал»;
- 101 крилата ракета Х-101, «Калібр»;
- 1 балістична ракета «Іскандер-М»;
- 4 крилаті/протирадіолокаційні ракети Х-22/Х-31П;
- 5 керованих авіаційних ракет Х-59/Х-69;
- 90 ударних БпЛА/дронів невстановленого типу.
 
?? До повітряного нападу противник залучив 7 стратегічних бомбардувальників Ту-160 та 16 Ту-95МС, 2 дальніх бомбардувальника Ту-22М3, 5 винищувачів-бомбардувальників Су-34, 4 винищувача Су-27, 10 винищувачів МіГ-31К, 4 кораблі — носії крилатих ракет.

Протягом ночі по маршруту слідування ракет та дронів працювали усі наявні сили та засоби протиповітряної оборони. Залучалась авіація, зенітні ракетні підрозділи, засоби РЕБ та мобільні вогневі групи Повітряних Сил та Сил оборони України.

??  За попередніми даними, станом на 12.00 є інформація про збиття 144 повітряних цілей —102 ракет та 42 БпЛА):

- 1 гіперзвукової корабельної ракети 3М22 “Циркон”;
- 7 аеробалістичних ракет Х-47М2 «Кинджал»;
- 85 крилатих ракет Х-101,«Калібр»;
- 4 крилатих/протирадіолокаційних ракет Х-22/Х-31П;
- 5 керованих авіаційних ракет Х-59/69;
- 42 ударних БпЛА/дронів невстановленого типу (із районів Курськ, Орел, Приморсько-Ахтарськ – рф.).

Внаслідок активної протидії Сил оборони 41 ворожий БпЛА локаційно втрачено у різних регіонах України, ще два БпЛА полетіли в бік росії та тимчасово окупованої території.

Протиповітряна оборона працювала майже у всіх регіонах України — у Київській, Черкаській, Кіровоградській, Чернігівській, Сумській, Харківській, Полтавській, Одеській, Миколаївській, Запорізькій, Дніпропетровській, Житомирській, Вінницькій, Хмельницькій, Тернопільській, Івано-Франківській, Рівненській, Волинській та Львівській областях.

? Тримаймо небо!
???? Разом – до перемоги!"
6;13.11.2024 10:03;"?? ЗБИТО 37 ВОРОЖИХ БПЛА 
??????????
У ніч на 13 листопада 2024 року (із 15.00 12 листопада) противник завдав удару по Україні ракетами різних типів, керованими авіабомбами та ударними безпілотниками.

Усього радіотехнічними військами Повітряних Сил виявлено 96 засобів повітряного нападу (без урахування КАБ):
- 2 зенітні керовані ракети С-300 із Курської обл. — рф. по Сумщині;
- 2 крилаті ракети Х-101 — рф. із стратегічних бомбардувальників Ту-95МС, район пусків — Каспійське море;
- 2 балістичні ракети «Іскандер-М»/KN-23 район пусків Воронезька обл. — рф.;
- 90 ударних БпЛА типу «Shahed» та безпілотників невстановленого типу із районів Курськ, Приморсько-Ахтарськ, Орел – рф.

Повітряний напад відбивали зенітні ракетні війська, авіація, підрозділи РЕБ, мобільні вогневі групи Повітряних Сил та Сил оборони України.

??  Станом на 10.00 підтверджено збиття двох крилатих ракет Х-101, двох балістичних ракет «Іскандер-М»/KN-23 та 37-ми БпЛА противника у Київській, Полтавській, Житомирській, Сумській, Черкаській, Запорізькій, Чернігівській та Кіровоградській областях.

47 ворожих безпілотників локаційно втрачено у різних регіонах України, два БпЛА вийшли з повітряного простору України у напрямку Білорусі та росії. Ще два безпілотники — в повітрі, бойова робота триває!

? Тримаймо небо!
???? Разом – до перемоги"
7;24.10.2024 08:47;"??  ЗБИТО 40 ВОРОЖИХ БПЛА
??????????
У ніч на 24 жовтня 2024 року (із 21.00 23 жовтня) противник атакував Україну двома крилатими ракетами Х-22 із літаків Ту-22М3 над акваторією Чорного моря, двома керованими авіаційними ракетами Х-59 із повітряного простору Брянської обл. та 50-ма ударними БпЛА типу «Shahed» та безпілотниками невстановленого типу із напрямків Орел, Курськ та Крим.

Повітряний напад відбиває авіація, зенітні ракетні війська, підрозділи РЕБ та мобільні вогневі групи Повітряних Сил та Сил оборони України.

?? Станом на 8.30 підтверджено збиття 40 ворожих БпЛА в Одеській, Миколаївській, Дніпропетровській, Вінницькій, Житомирській, Хмельницькій, Черкаській, Кіровоградській, Київській, Полтавській та Чернігівській областях.

Крім того, 7 російських безпілотників локаційно втрачено, 1 – в повітряному просторі України, ще 2 – повернули у напрямку росії та Білорусі.
Ворожі ракети не досягли своїх цілей.
Бойова робота триває! Інформація оновлюється.

???? Разом – до перемоги!"
8;27.09.2024 09:16;"?? ЗБИТО 24 УДАРНИХ БПЛА
??????????
У ніч на 27 вересня 2024 року противник атакував балістичною ракетою Іскандер-М/KN-23 із окупованого Криму, двома крилатими ракетами Х-22 із бомбардувальників Ту-22М3 з акваторії Чорного моря. Також окупанти випустили по Україні 32 ударних БпЛА типу «Shahed» (район пусків: Приморсько-Ахтарськ – рф).

До відбиття повітряного нападу противника залучались зенітні ракетні війська, мобільні вогневі групи та підрозділи РЕБ Сил оборони України.

В результаті протиповітряного бою збито 24 ударних БпЛА типу «Shahed». Один безпілотник увійшов в повітряний простір Румунії, ще один ворожий БпЛА локаційно втрачено внаслідок протидії РЕБ Сил оброни України.

Протиповітряна оборона працювала у Дніпропетровській, Миколаївській та Одеській областях.
???? Разом – до перемоги!"
9;12.09.2024 09:15;"?? ЗБИТО 44 УДАРНИХ БПЛА
??????????
У ніч на 12 вересня 2024 року радіотехнічними військами Повітряних Сил було виявлено та здійснено супровід 69-ти засобів повітряного нападу противника (станом на 9.00). Окупанти вдарили по Чернігівщині двома балістичними ракетами «Іскандер-М» із Курської обл. та однією керованою авіаційною ракетою Х-59/69 із Брянської обл., двома крилатими ракетами Х-22/32 із літаків Ту-22М3 (з повітряного простору над акваторією Чорного моря в напрямку острова Зміїний), 64-ма ударними БпЛА типу «Shahed» (райони пусків: Курськ, Єйськ – рф., Чауда – Крим).

?? Повітряний напад противника відбивали авіація, зенітні ракетні війська, мобільні вогневі групи та підрозділи РЕБ Сил оборони України. В результаті протиповітряного бою збито 44 ударних БпЛА. Три ворожі безпілотники полетіли назад у росію, ще чотири – локаційно втрачені на території України (інформація про постраждалих та руйнування не надходила).

??Станом на 9.00 чотири ударні БпЛА залишаються в повітряному просторі України, йде бойова робота!

Завдяки активній протидії Сил оборони, більшість ворожих ракет не досягла бажаних цілей.

Протиповітряна оборона працювала у Київській, Херсонській, Хмельницькій, Черкаській, Сумській, Дніпропетровській, Кіровоградській, Запорізькій та Полтавській областях.
???? Разом – до перемоги!"
10;04.09.2024 09:38;"?? ЗБИТО 22 УДАРНІ БПЛА ТА СІМ КРИЛАТИХ РАКЕТ
??????????
У ніч на 4 вересня 2024 року ворог завдав удару по Україні ракетами повітряного та наземного базування, а також ударними БпЛА типу «Shahed».

Загалом радіотехнічними військами Повітряних Сил виявлено та здійснено супровід 42 повітряних цілей:
- 2 аеробалістичні ракети Х-47 М2 «Кинджал» із літаків МіГ-31К з повітряного простору Тульської обл. – рф.;
- 2 крилаті ракети Х-22 із літаків Ту-22М3 з повітряного простору над акваторією Чорного моря;
- 6 крилатих ракет Х-101 із літаків Ту-95МС з повітряного простору Волгоградської області – рф.;
- 3 крилаті ракети «Іскандер-К» із території окупованого Криму;
- 29 ударних БпЛА «Shahed-131/136 (райони пусків Курська обл. – рф).

До відбиття повітряного нападу противника залучались авіація, зенітні ракетні війська, підрозділи РЕБ та мобільні вогневі групи Повітряних Сил та Сил оборони України.


?? В результаті протиповітряного бою збито 29 повітряних цілей:
- 4 крилаті ракети Х-101;
- 3 крилаті ракети «Іскандер-К»;
- 22 ударні БпЛА «Shahed-131/136.

Шість ударних безпілотників локаційно втрачено (імовірно подавлені РЕБ), один – полетів у Білорусь.

Протиповітряна оборона працювала у Львівській, Івано-Франківській, Чернігівській, Дніпропетровській, Волинській, Тернопільській, Київській, Житомирській, Полтавській та Сумській областях.

???? Разом до перемоги!"
11;02.09.2024 09:24;"?? ЗБИТО 9 БАЛІСТИЧНИХ, 13 КРИЛАТИХ РАКЕТ І 20 УДАРНИХ БПЛА
??????????
У ніч на 02 вересня 2024 року російські окупанти завдали ракетного удару по Київщині, Сумщині та Харківщині, застосувавши балістичні, крилаті та зенітні керовані ракети, також атакували ударними БпЛА типу «Shahed» з південного напрямку.

Радіотехнічними військами Повітряних Сил виявлено та здійснено супровід 58 повітряних цілей – 35 ракет різних типів та 23 ударних БпЛА:
- 16 балістичних ракет «Іскандер-М»/KN-23 із Брянської, Воронезької та Курської областей – рф.;
- 14 крилатих ракет Х-101 із літаків Ту-95МС з повітряного простору Волгоградської обл. – рф.;
- 4 зенітні керовані ракети С-300/С-400 із Бєлгороської обл. –рф.;
- 1 ракета невстановленого типу із Бєлгороської обл. –рф.;
- 23 ударні БпЛА «Shahed-131/136» із Приморсько-Ахтарська – рф.

?? В результаті бойової роботи підрозділами зенітних ракетних військ, засобами радіоелекторонної боротьби Повітряних Сил а також розрахунками мобільних вогневих груп Сил оборони України збито:
- 9 балістичних ракет «Іскандер-М»/KN-23;
- 13 крилатих ракет Х-101;
- 20 ударних БпЛА «Shahed-131/136».

Крім того, внаслідок активної протидії Сил оборони України, одна крилата ракета Х-101 та три ударні БпЛА не досягли своїх цілей і були локаційно втрачені. Інформація уточнюється.

Бойова робота велась у Київській, Харківській, Дніпропетровській, Полтавській, Миколаївській та Запорізькій областях. 

???? Разом – до перемоги!"
12;27.08.2024 09:42;"?? ЗБИТО 5 КРИЛАТИХ РАКЕТ ТА 60 УДАРНИХ БПЛА
??????????
У ніч на 27 серпня 2024 року радіотехнічними військами Повітряних Сил виявлено та супроводжено 91 засіб повітряного нападу противника.

Цієї ночі окупанти завдали удару по Україні ракетами різних типів та ударними БпЛА:
- 3-ма аеробалістичними ракетами Х-47М2 «Кинджал» (з літаків МіГ-31К із повітряного простору Ліпецької обл. – рф.);
- балістичною ракетою «Іскандер-М» (із Криму);
- крилатою ракетою «Іскандер-К» (із Воронезької обл. – рф.);
- 5-ма крилатими ракетами Х-101 (з бомбардувальників Ту-95МС із повітряного простору Волгоградської обл. – рф.);
- 81 ударним БпЛА типу «Shahed» (із Єйська та Курської обл. – рф.).

?? Станом на 9:00, в результаті бойової роботи протиповітряною обороною збито:
- 5 крилатих ракет Х-101;
- 60 ударних БпЛА типу «Shahed-131/136»

Десять ворожих безпілотників локаційно втачені (імовірно впали) на території України, один перетнув кордон із білоруссю, ще близько десяти знаходяться в повітряному просторі України.
??Бойова робота триває!

До відбиття повітряного нападу противника залучено авіацію, зенітні ракетні підрозділи, засоби РЕБ та мобільні вогневі групи Сил оборони України.
Бойова робота велась у більшості регіонів країни: у Київській, Хмельницькій, Рівненській, Вінницькій, Черкаській, Херсонській, Миколаївській, Запорізькій, Хмельницькій, Харківській, Дніпропетровській, Полтавській, Житомирській, Сумській, Чернігівській та Кіровоградській областях.

???? Разом – до перемоги!
??????????
?? Командувач Повітряних Сил генерал-лейтенант Микола Олещук"
13;26.08.2024 18:47;"?? НАЙМАСОВАНІША ПОВІТРЯНА АТАКА: ЗБИТО 102 РАКЕТИ ТА 99 УДАРНИХ БПЛА
??????????
У ніч на понеділок 26 серпня 2024 року російські окупанти завдали масованого комбінованого удару по об’єктах критичної інфраструктури України, зокрема по паливно-енергетичному сектору держави, застосувавши ракети різних типів повітряного, наземного та морського базування.  

??Усього радіотехнічними військами Повітряних Сил виявлено та супроводжено 236 засобів повітряного нападу противника: 127 ракет та 109 ударних БпЛА:

- 3 аеробалістичні ракети Х-47М2 «Кинджал» із повітряного простору Рязанської та Липецької областей – рф.;
- 6 балістичних ракет «Іскандер-М»/KN-23 із Курської, Воронезької областей – рф. та з Криму;
- 77 крилатих ракет Х-101 з літаків Ту-95МС із повітряного простору Волгоградської області та району Каспійського моря;
- 28 крилатих ракет «Калібр» із надводних/підводних носіїв у східній частині Чорного моря;
- 3 крилаті ракети Х-22 із повітряного простору Воронезької обл. – рф.;
- 10 керованих авіаційних ракет Х-59/Х-69 із літаків Су-57, Су-34 з повітряного простору Бєлгородської обл. та з району Маріуполя;
- 109 ударних БпЛА «Shahed-131/136» – райони пусків Приморсько-Ахтарськ, Курськ, Єйськ – рф., Чауда – Крим.

?? До відбиття повітряного нападу було залучено усі наявні засоби озброєння і техніки: авіація, зенітні ракетні війська Повітряних Сил, мобільні вогневі групи Сил оборони України та підрозділи радіоелектронної боротьби. Загалом в результаті протиповітряного бою збито 201 повітряну ціль – 102 ракети та 99 ударних БпЛА:

- 1 аеробалістичну ракету Х-47М2 «Кинджал»;
- 1 балістичну ракету «Іскандер-М»/KN-23;
- 1 крилату ракету Х-22;
- 99 крилатих ракет Х-101, «Калібр», керованих авіаційних ракет Х-59/69;
- 99 ударних БпЛА «Shahed-131/136».

Крім того, кілька одиниць БпЛА локаційно втрачені на території України, ще два – перетнули державний кордон з республікою білорусь. 

???? Разом – до перемоги!
??????????
?? Командувач Повітряних Сил генерал-лейтенант Микола Олещук"
14;24.08.2024 09:18;"Уночі 24 серпня 2024 року російські дальні бомбардувальники Ту-22М3 атакували південь України, випустивши в район острова Зміїний чотири крилаті ракети Х-22.
Також ворог завдав удару корегованими авіабомбами по Херсонщині. 
Минулої доби, 23 серпня 2024 року, протиповітряною обороною півдня України знищено п'ять розвідувальних БпЛА, з яких два «ZALA» та по одному «Supercam», «Орлан-10» та «Мерлін», а також 2 ударні БпЛА «Ланцет».
??????????
Повітряне командування ""Південь"""
15;08.07.2024 07:52;"?? ЗБИТО ТРИ КРИЛАТІ РАКЕТИ
??????????
Уночі 8 липня 2024 року ворог атакував Україну ракетами повітряного та наземного базування: 4-ма Х-101 із літаків стратегічної авіації Ту-95МС (район пусків – повітряний простір Саратовської обл. – рф) та 2-ма балістичними ракетами «Іскандер-М» (райони пусків – Курська обл. – рф, Крим).
За результатами бойової роботи протиповітряною обороною знищено 3 крилаті ракети Х-101 у Житомирській та Черкаській областях. 
??????????
?? Командувач Повітряних Сил генерал-лейтенант Микола Олещук"
16;22.06.2024 08:02;"?? ЗБИТО 12 РАКЕТ ТА 13 УДАРНИХ БПЛА
??????????
У ніч на 22 червня 2024 року російські окупанти завдали ракетно-авіаційного удару по об’єктах критичної інфраструктури в різних регіонах України, застосувавши ракети повітряного, морського та наземного базування, а також ударні БпЛА типу «Shahed».

??Усього ворог застосував 16 ракет різних типів та 13 ударних БпЛА:
- 10 крилатих ракет Х-101/Х-555 із літаків стратегічної авіації Ту-95 МС (район пусків – Саратовська обл.– рф.);
- 2 крилаті ракети «Іскандер-К» (із Криму);
- 4 крилатих ракет «Калібр» (із акваторії Чорного моря);
- 13 ударних БпЛА типу «Shahed-131/136» (район пусків – Приморсько-Ахтарськ – рф., Балаклава – Крим).

?? В результаті протиповітряного бою збито 25 повітряних цілей:
- 7 крилатих ракет Х-101/Х-555;
- 4 крилаті ракети «Калібр»;
- 1 крилату ракету «Іскандер-К»; 
- 13 ударних БпЛА типу «Shahed-131/136».

Дякую захисникам неба за бойову роботу!
???? Разом – до перемоги!
??????????
?? Командувач Повітряних Сил генерал-лейтенант Микола Олещук"
17;20.06.2024 10:45;"?? Наслідки нічної ворожої атаки 20 червня 2024 року. Російські крилаті ракети, випущені з стратегічних бомбардувальників Ту-95МС, заходили з південно-східного напрямку і були збиті протиповітряною обороною у прифронтовій зоні Дніпропетровської області.
???? Разом - до перемоги!"
18;20.06.2024 07:21;"?? ЗБИТО 5 РАКЕТ ТА 27 УДАРНИХ БПЛА
??????????
У ніч на 20 червня 2024 року російські окупанти завдали удару по Україні, застосувавши ракети повітряного та наземного базування, а також ударні БпЛА типу «Shahed».

??Усього ворог застосував 9 ракет різних типів та 27 ударних БпЛА:
- 4 крилаті ракети Х-101/Х-555 із літаків стратегічної авіації Ту-95 МС (район пусків – повітряний простір над акваторією Каспійського моря);
- 3 балістичні ракети «Іскандер-М» (із Воронезької обл. – рф);
- 2 керовані авіаційні ракети Х-59 (із повітряного простору над акваторією Азовського моря);
- 27 ударних БпЛА типу «Shahed-131/136» (район пусків – Приморсько-Ахтарськ – рф).

Атаковано об’єкти критичної інфраструктури. Основний напрямок удару – Схід України, зокрема Дніпропетровщина. 

??  Повітряний напад противника відбивали винищувальна авіація, зенітні ракетні підрозділи та засоби РЕБ Повітряних Сил, розрахунки мобільних вогневих груп Сил оборони України.

В результаті протиповітряного бою збито 32 повітряні цілі:
- 4 крилаті ракети Х-101/Х-555;
- 1 керовану авіаційну ракету Х-59;
- 27 ударних БпЛА типу «Shahed-131/136».

Протиповітряна оборона працювала у Дніпропетровській, Запорізькій, Донецькій, Миколаївській, Херсонській, Харківській, Київській, Черкаській, Полтавській та Вінницькій областях.

Дякую за бойову роботу!
???? Разом – до перемоги!
??????????
?? Командувач Повітряних Сил генерал-лейтенант Микола Олещук"
19;14.06.2024 07:48;"?? ЗБИТО 7 РАКЕТ ТА 17 УДАРНИХ БПЛА
??????????
У ніч на 14 червня 2024 року російські окупанти завдали ракетно-авіаційного удару по Україні, застосувавши ракети різних типів та ударні БпЛА типу «Shahed».

?? Усього ворог застосував 31 засіб повітряного нападу – 14 ракет повітряного, наземного базування й 17 ударних БпЛА, а саме:
- 10 крилатих ракет Х-101/Х-555 із літаків стратегічної авіації Ту-95 МС (район пусків Саратовська обл. – рф.);
- 3 балістичні ракети «Іскандер-М» (пуски із Криму та Краснодарського краю – рф.);
- 1 аеробалістичну ракету Х-47М2 «Кинджал» (із повітряного простору Тамбовської обл. – рф.);
- 17 ударних БпЛА типу «Shahed-131/136» (район пусків – Єйськ – рф).

До відбиття повітряного нападу противника залучено винищувальну авіацію, зенітні ракетні підрозділи Повітряних Сил, мобільні вогневі групи, засоби радіоелектронної боротьби Сил оборони України.

?? В результаті протиповітряного бою у Хмельницькій, Харківській, Миколаївській, Одеській, Запорізькій, Дніпропетровській та Кіровоградській областях збито 24 повітряні цілі:
- 7 крилатих ракет Х-101/Х-555;
- 17 ударних БпЛА типу «Shahed-131/136».

Дякую усім, хто тримає небо!
???? Разом – до перемоги!
??????????
?? Командувач Повітряних Сил генерал-лейтенант Микола Олещук"
20;12.06.2024 08:01;"?? ЗБИТО 5 РАКЕТ ТА 24 УДАРНІ БПЛА
??????????
У ніч на 12 червня 2024 року окупанти завдали ракетно-авіаційного удару по Україні, застосувавши ракети повітряного та наземного базування, а також ударні БпЛА. 

Усього – 30 засобів повітряного нападу:
- 4 крилаті ракети Х-101/Х-555 із літаків стратегічної авіації Ту-95 МС (район пусків – Саратовська обл. – рф.);
- 1 балістична ракета «Іскандер-М» (із території Криму);
- 1 аеробалістична ракета Х-47М2 «Кинджал» (із повітряного простору Тамбовської обл. – рф.);
- 24 ударні БпЛА типу «Shahed-131/136» (район пусків – Єйськ, Приморсько-Ахтарськ – рф).

До відбиття повітряного нападу противника залучено зенітні ракетні підрозділи Повітряних Сил, мобільні вогневі групи та засоби радіоелектронної боротьби Сил оборони України.

?? В результаті протиповітряного бою збито 29 повітряних цілей:
- 1 аеробалістичну ракету Х-47М2 «Кинджал»;
- 4 крилаті ракети Х-101/Х-555;
- 24 ударні БпЛА типу «Shahed-131/136».

Протиповітряна оборона працювала у Київській, Дніпропетровській, Запорізькій, Полтавській, Харківській, Вінницькій областях.

?? Дякую за  результат!
???? Разом – до перемоги!
??????????
Командувач Повітряних Сил генерал-лейтенант Микола Олещук"
21;07.06.2024 07:31;"?? ЗБИТО 48 УДАРНИХ БПЛА ТА 5 КРИЛАТИХ РАКЕТ
??????????
У ніч на 7 червня 2024 року противник завдав удару по об’єктах критичної інфраструктури України із стратегічної авіації – бомбардувальників Ту-95МС з повітряного простору Саратовської області та ударними БпЛА типу «Shahed-131/136» із районів Приморсько-Ахтарськ, Єйськ, Курськ – рф. та мис Чауда – Крим.

 Усього було застосовано 5 крилатих ракет повітряного базування Х-101/Х-555 та 53 ударні БпЛА «Shahed-131/136».

?? Відбивали повітряний напад  мобільні вогневі групи Сил оборони України, винищувальна авіація, підрозділи зенітних ракетних військ та радіоелектронної боротьби Повітряних Сил. 
В результаті протиповітряного бою збито 48 ударних БпЛА та 5 крилатих ракет Х-101/Х-555 у Дніпропетровській, Запорізькій, Кіровоградській, Миколаївській, Херсонській, Одеській, Харківській, Київській та Хмельницькій областях.

Дякую усім захисникам неба за бойову роботу!
???? Разом – до перемоги!
??????????
???? Командувач Повітряних Сил генерал-лейтенант Микола Олещук"
22;01.06.2024 08:02;"?? ЗБИТО 35 РАКЕТ ТА 46 УДАРНИХ БПЛА
??????????
У ніч на 1 червня 2024 року російські окупанти завдали потужного ракетно-авіаційного удару по об’єктах критичної інфраструктури в різних регіонах України, застосувавши ракети повітряного, морського та наземного базування, а також ударні БпЛА типу «Shahed».

?? Усього ворог випустив 53 ракети різних типів та 47 ударних БпЛА:
- 35 крилатих ракет Х-101/Х-555 із літаків стратегічної авіації Ту-95 МС (район пусків – Саратовська обл., повітряний простір над акваторією Каспійського моря – рф.);
- 4 балістичні ракети «Іскандер-М» (із Криму);
- 1 крилату ракету «Іскандер-К» (із Криму);
- 10 крилатих ракет «Калібр» (із північно-східної частини акваторії Чорного моря);
- 3 керовані авіаційні ракети Х-59/Х-69 (із повітряного простору ТОТ Запорізької області);
- 47 ударних БпЛА типу «Shahed-131/136» (район пусків Приморсько-Ахтарськ – рф).

?? До відбиття повітряного нападу противника залучено винищувальну авіацію, зенітні ракетні підрозділи Повітряних Сил, мобільні вогневі групи та засоби радіоелектронної боротьби Сил оборони України.

?? В результаті протиповітряного бою збито 81 повітряну ціль:
- 30 крилатих ракет Х-101/Х-555;
- 4 крилаті ракети «Калібр»;
- 1 крилату ракету «Іскандер-К»; 
- 46 ударних БпЛА типу «Shahed-131/136».

Російські терористи не полишають намірів знищити паливно-енергетичний сектор держави. Повітряні Сили та Сили оборони України роблять усе можливе, аби ворог не досяг своїх цілей на кожній ділянці фронту.
Дякую усім підрозділам протиповітряної оборони, хто уночі відбивав ракетний удар.

???? Тримаймо стрій і разом – до перемоги!
??????????
???? Командувач Повітряних Сил генерал-лейтенант Микола Олещук"
23;30.05.2024 07:47;"?? ЗБИТО 7 КРИЛАТИХ РАКЕТ ТА 32 УДАРНИХ БПЛА
??????????
У ніч на 30 травня 2024 року російські окупанти завдали ракетно-авіаційного удару по військових об’єктах та критичній інфраструктурі України із застосуванням 8-ми зенітних керованих ракет С-300/С-400 по Харківщині, 11 крилатих ракет Х-101/Х-555 із літаків стратегічної авіації Ту-95 МС (район пусків Саратовська обл. – рф) та 32 ударних БпЛА типу «Shahed-131/136» із Приморсько-Ахтарська –рф. та мису Чауда (Крим).

?? Відбивали повітряний напад противника зенітні ракетні підрозділи Повітряних Сил, мобільні вогневі групи та підрозділи радіоелектронної боротьби Сил оборони України. В результаті протиповітряного бою збито 7 крилатих ракет Х-101/Х-555 та 32 ударних БпЛА «Shahed-131/136» у межах Хмельницької, Дніпропетровської, Черкаської, Кіровоградської,  Запорізької, Одеської, Херсонської, Київської та Вінницької областей.

Усім підрозділам протиповітряної оборони дякую за бойову роботу!
???? Разом – до перемоги!
??????????
???? Командувач Повітряних Сил генерал-лейтенант Микола Олещук"
24;26.05.2024 07:53;"?? ЗБИТО 12 РАКЕТ ТА 31 УДАРНИЙ БПЛА
??????????
У ніч на 26 травня 2024 року російські окупанти завдали ракетно-авіаційного удару по Україні із застосуванням 14 ракет повітряного базування та понад трьох десятків ударних БпЛА, зокрема:

- 2 аеробалістичні ракети Х-47М2 «Кинджал» із літаків МіГ-31К (пуски з повітряного простору Тамбовської обл. – рф.);
- 12 крилатих ракет Х-101/Х-555 із літаків стратегічної авіації Ту-95 МС (район пусків Саратовська обл. -рф.);
- 31 ударний БпЛА «Shahed-131/136» (пуски – Приморсько-Ахтарськ, Єйськ – рф, мис Чауда – Крим).

?? В результаті протиповітряного бою зенітними ракетними підрозділами, винищувальною авіацією, засобами РЕБ Повітряних Сил та мобільними вогневими групами Сил оборони України збито:

- 12 крилатих ракет Х-101/Х-555;
- 31 ударний БпЛА «Shahed-131/136».

Повітряні цілі знищувались у Миколаївській, Одеській, Дніпропетровській, Полтавській, Запорізькій, Хмельницькій, Кіровоградській, Вінницькій та Чернігівській областях.

Дякую усім, хто сьогодні вночі забезпечив цей результат.
???? Разом – до перемоги!
??????????
???? Командувач Повітряних Сил генерал-лейтенант Микола Олещук"
25;08.05.2024 08:35;"?? ЗНИЩЕНО 59 ПОВІТРЯНИХ ЦІЛЕЙ: 39 РАКЕТ ТА 20 УДАРНИХ БПЛА
??????????
У ніч на 8 травня 2024 року російські окупанти завдали комбінованого удару ракетами різних типів та ударними БпЛА. 

Загалом ворог застосував 76 засобів повітряного нападу – 55 ракет та 21 ударний безпілотник:
- 1 аеробалістичну ракету Х-47М2 «Кинджал» (пуск із Тамбовської обл. – рф.);
- 2 балістичні ракети «Іскандер-М» (із ТОТ Криму);
- 4 крилаті ракети «Калібр» (із акваторії Чорного моря); 
- 45 крилатих ракет Х-101/Х-555 із літаків стратегічної авіації Ту-95 МС (район пусків Саратовська обл. – рф., акваторія Каспійського моря);
- 1 крилату ракети «Іскандер-К» (із Криму);
- 2 керовані авіаційні ракети Х-59/Х-69 (із окупованої Запорізької обл.);
- 21 ударний БпЛА типу «Shahed-131/136» (із районів Приморсько-Ахтарськ, Курська обл. - рф.).

?? До відбиття повітряного нападу противника залучено винищувальну авіацію, зенітні ракетні війська Повітряних Сил, мобільні вогневі групи та підрозділи радіоелектронної боротьби Сил оборони України.

В результаті протиповітряного бою знищено 59 повітряних цілей:
- 33 крилаті ракети Х-101/Х-555;
- 4 крилаті ракети «Калібр»;
- 2 керовані авіаційні ракети Х-59/Х-69;
- 20 ударних БпЛА типу «Shahed-131/136».

Противник продовжує завдавати ударів по об’єктах критичної інфраструктури України та інших важливих стратегічних об’єктах.  Я дякую усім, хто сьогодні доклав максимум зусиль, аби ворог не досяг своїх цілей.

??Сьогодні 8 травня, в Україні відзначається День пам'яті та перемоги над нацизмом у Другій світовій війні. Вшановуємо полеглих тієї страшної війни, вшановуємо українських героїв сучасності, які цього разу боронять рідну землю від рашизму!   

???? Разом – до перемоги!
??????????
????  Командувач Повітряних Сил генерал-лейтенант Микола Олещук"
26;27.04.2024 08:34;"?? ЗНИЩЕНО 21 РАКЕТУ ПРОТИВНИКА
??????????
У ніч на 27 квітня 2024 року російські окупанти завдали комбінованого удару по Україні ракетами різних типів.

Усього ворог застосував 34 ракети повітряного, наземного та морського базування:
- 9 крилатих ракет Х-101/Х-555 із літаків стратегічної авіації Ту-95 МС (район пусків Саратовська обл. - рф.);
- 9 керованих авіаційних ракет Х-59/Х-69 (із повітряного простору Бєлгородської обл. та з акваторії Азовського моря);
- 2 зенітні керовані ракети С-300 (із району Бєлгородської обл. – рф.)
- 2 крилаті ракети «Іскандер-К» (із Криму);
- 4 аеробалістичні ракети Х-47М2 «Кинджал» із літаків МіГ-31К (пуски з повітряного простору Рязанської і Тамбовської обл. – рф.);
- 8 крилатих ракет «Калібр» із акваторії Чорного моря.

?? До відбиття повітряного нападу противника залучено винищувальну авіацію, зенітні ракетні підрозділи Повітряних Сил, мобільні вогневі групи та засоби радіоелектронної боротьби Сил оборони України.

В результаті протиповітряного бою знищено 21 повітряну ціль:
- 6 крилатих ракет Х-101/Х-555;
- 8 керованих авіаційних ракет Х-59/Х-69;
- 1 крилату ракету «Іскандер-К»;
- 6 крилатих ракет «Калібр».

Дякую усім підрозділам, хто цієї ночі відбивав ракетну атаку окупантів.
???? Разом – до перемоги!
??????????
????  Командувач Повітряних Сил генерал-лейтенант Микола Олещук"
27;19.04.2024 09:03;"?? ЗНИЩЕНО 15 РАКЕТ, 14 БПЛА ТА  БОМБАРДУВАЛЬНИК ТУ-22М3
??????????
У ніч на 19 квітня 2024 року російські окупанти завдали комбінованого удару ракетами різних типів та ударними БпЛА.

Загалом ворог застосував 36 засобів повітряного нападу – 22 ракети різних типів та 14 ударних безпілотників:
- 2 крилаті ракети Х-101/Х-555 із літаків стратегічної авіації Ту-95 МС (район пусків Рязань -рф.);
- 14 ударних БпЛА типу «Shahed-131/136» (із районів Приморсько-Ахтарськ, Курська обл. - рф.);
- 12 керованих авіаційних ракет Х-59/Х-69 (Курська обл. та з акваторії Азовського моря);
- 2 крилаті ракети «Іскандер-К» (із Криму);
- 6 крилатих ракет Х-22 із дальніх стратегічних бомбардувальників Ту-22М3 (з акваторій Чорного та Азовського морів).  

До відбиття повітряного нападу противника залучено зенітні ракетні війська Повітряних Сил, мобільні вогневі групи та підрозділи радіоелектронної боротьби Сил оборони України.

?? В результаті протиповітряного бою знищено 29 повітряних цілей:
- 2 крилаті ракети Х-101/Х-555;
- 14 ударних БпЛА типу «Shahed-131/136»;
- 11 керованих авіаційних ракет Х-59/Х-69;
- 2 крилаті ракети Х-22.

??Уперше зенітні ракетні підрозділи Повітряних Сил у взаємодії з Головним управлінням розвідки МО України знищили дальній стратегічний бомбардувальник Ту-22М3 – носій крилатих ракет Х-22, якими російські терористи б’ють по мирних українських містах. Під час сьогоднішньої атаки уперше знищено дві такі ракети.
Україні потрібно більше засобів, більше ракет, аби краще захистити від російського тероризму прифронтові території.

?? Я дякую усім, хто сьогодні забезпечив цей результат. Зло буде покарано!

???? Разом – до перемоги!
??????????
????  Командувач Повітряних Сил генерал-лейтенант Микола Олещук"
28;11.04.2024 09:19;"?? ЗНИЩЕНО 57 ПОВІТРЯНИХ ЦІЛЕЙ: 18 РАКЕТ ТА 39 УДАРНИХ БПЛА
??????????
У ніч на 11 квітня 2024 року російські окупанти завдали комбінованого удару ракетами різних типів та ударними БпЛА. Основний напрямок – Львівщина.

Загалом ворог застосував 82 засоби повітряного нападу:
?? 20 крилатих ракет Х-101/Х-555 із літаків стратегічної авіації Ту-95 МС (район пусків – Саратовська обл. -рф.);
?? 6 аеробалістичних ракет Х-47М2 «Кинджал» з винищувачів МіГ-31К (район пусків – Тамбовська область -рф.);
??  12 зенітних керованих ракет С-300 (пуски із Бєлгородської обл. - рф.);
??  40 ударних БпЛА типу «Shahed-131/136» (із районів Приморсько-Ахтарськ - рф., Чауда – Крим).
?? 4 керовані авіаційні ракети Х-59 (із повітряного простору окупованої Запорізької обл.).

??  До відбиття повітряного нападу противника залучено винищувальну авіацію та зенітні ракетні війська Повітряних Сил, мобільні вогневі групи та підрозділи радіоелектронної боротьби Сил оборони України.

В результаті протиповітряного бою знищено 57 повітряних цілей:
?? 16 крилатих ракет Х-101/Х-555;
?? 39 ударних БпЛА типу «Shahed-131/136»;
?? 2 керовані авіаційні ракети Х-59.

Дякую усім захисникам неба, хто цієї ночі відбивав чергову терористичну атаку окупантів.
???? Разом – до перемоги!
??????????
????  Командувач Повітряних Сил генерал-лейтенант Микола Олещук"
29;31.03.2024 08:07;"?? ЗБИТО 9 РАКЕТ ТА 9 УДАРНИХ БПЛА
?????????
У ніч на 31 березня 2024 року російські окупанти атакували 14-ма крилатими ракетами Х-101/Х-555 із літаків стратегічної авіації Ту-95мс (район пусків Саратовська обл. – рф.),11-ма ударними БпЛА типу «Shahed» (райони пусків Приморсько-Ахтарськ – рф, Крим), балістичною ракетою «Іскандер-М» (Крим) та керованою авіаційною ракетою Х-59 (ТОТ Запорізької обл.)

?? До відбиття повітряного нападу залучались зенітні ракетні підрозділи та винищувальна авіація Повітряних Сил, мобільні вогневі групи, засоби радіоелектронної боротьби Сил оборони України.

В результаті протиповітряного бою знищено 18 повітряних цілей: 9 крилатих ракет Х-101/Х-555 та 9 ударних БпЛА «Shahed-136/131».

Дякую захисникам неба за бойову роботу!
???? Разом – до перемоги!
???????????
????  Командувач Повітряних Сил генерал-лейтенант Микола Олещук"
30;29.03.2024 08:36;"?? ЗНИЩЕНО 84 ПОВІТРЯНІ ЦІЛІ: 58 «ШАХЕДІВ» і 26 РАКЕТ
????????????
У ніч на 29 березня 2024 року противник завдав потужного ракетного-авіаційного удару по об’єктах паливно-енергетичного сектору України, застосувавши різні типи ракет та ударні БпЛА: 

Усього – 99 засобів повітряного нападу:

?? 60 ударних БпЛА типу «Shahed-136/131» (район пусків Приморсько-Ахтарськ, Курська область -рф.);
? 3 аеробалістичні ракети Х-47М2 «Кинджал» (із трьох винищувачів МіГ-31К – Рязанська область -рф.);
? 2 балістичні ракети «Іскандер-М» (ТОТ Крим);
? 9 керованих авіаційних ракет Х-59 (із дев’яти літаків Су-34 – Бєлгородська область);
? 4 крилаті ракети «Іскандер-К» (Курська область -рф);
? 21 крилата ракета Х-101/Х-555 (із одинадцяти стратегічних бомбардувальників Ту-95МС – Енгельс -рф.).

?? До відбиття ракетно-авіаційного удару залучено зенітні ракетні підрозділи Повітряних Сил та Сухопутних військ, мобільні вогневі групи, засоби радіоелектронної боротьби Сил оборони України.

В результаті протиповітряного бою знищено 84 повітряні цілі:

?? 58 ударних БпЛА типу «Shahed-136/131»;
? 17 крилатих ракет Х-101/Х-555;
? 5 керовані авіаційні ракети Х-59;
? 4 крилаті ракети «Іскандер-К».

Честь і хвала усім, хто захищає Україну від російського терору.
Дякую за бойову роботу, дякую за результат!

???? Разом – до перемоги!
???????????
????  Командувач Повітряних Сил генерал-лейтенант Микола Олещук"
31;24.03.2024 08:28;"?? ЗНИЩЕНО 43 ПОВІТРЯНІ ЦІЛІ: 18 РАКЕТ ТА 25 УДАРНИХ БПЛА
????????????
У ніч на 24 березня 2024 року російські окупанти атакували 29-ма крилатими ракетами Х-101/Х-555 із 14 літаків стратегічної авіації Ту-95МС (район пусків Енгельс – рф.) та 28-ма ударними БпЛА типу «Shahed» (райони пусків Приморсько-Ахтарськ - рф., мис Чауда – Крим).

До відбиття повітряного нападу залучались зенітні ракетні підрозділи та винищувальна авіація Повітряних Сил, мобільні вогневі групи, засоби радіоелектронної боротьби Сил оборони України.

?? В результаті протиповітряного бою знищено 43 повітряні цілі: 18 крилатих ракет Х-101/Х-555 та 25 ударних БпЛА «Shahed-136/131» у межах Дніпропетровської, Херсонської, Миколаївської, Одеської, Сумської, Київської, Волинської та Львівської областей.

Усім дякую за бойову роботу!
???? Разом – до перемоги!
????????????
????  Командувач Повітряних Сил генерал-лейтенант Микола Олещук"
32;22.03.2024 09:08;"?? ЗНИЩЕНО 92 ПОВІТРЯНІ ЦІЛІ: 55 «ШАХЕДІВ» і 37 РАКЕТ
????????????
У ніч на 22 березня 2024 року противник завдав комбінованого ракетного-авіаційного удару по об’єктах критичної інфраструктури України. 

??Усього ворог застосував 151 засіб повітряного нападу:

- 63 ударні БпЛА типу «Shahed-136/131» (район пусків Приморсько-Ахтарськ – рф.);
- 12 балістичних ракет «Іскандер-М» (Белгородська область - рф., ТОТ Крим);
- 40 крилатих ракет Х-101/Х-555 (із тринадцяти стратегічних бомбардувальників Ту-95МС – акваторія Каспійського моря);
- 5 крилатих ракет Х-22 (із п’яти бомбардувальників Ту-22М3 – Ростовська обл. -рф.);
- 7 аеробалістичних ракет Х-47М2 «Кинджал» (із десяти МіГ-31К– Тамбовська область -рф.);
- 2 керовані авіаційні ракети Х-59 (із двох Су-30 (Су-34) – ТОТ Запорізької області);
- 22 зенітні керовані ракети С-300/С-400 (Белгородська, Курська обл. - рф.).

До відбиття ракетно-авіаційного удару залучено зенітні ракетні підрозділи Повітряних Сил та Сухопутних військ, мобільні вогневі групи, засоби радіоелектронної боротьби Сил оборони України.

?? В результаті протиповітряного бою знищено 92 повітряні цілі:
- 55 ударних БпЛА типу «Shahed-136/131»;
- 35 крилатих ракет Х-101/Х-555;
- 2 керовані авіаційні ракети Х-59.

Усім дякую за бойову роботу!
Тримаймо небо!
???? Разом – до перемоги!
????????????
????  Командувач Повітряних Сил генерал-лейтенант Микола Олещук"
33;21.03.2024 07:39;"?? ЗНИЩЕНО 31 РАКЕТУ: 2 – БАЛІСТИЧНІ, 29 – КРИЛАТИХ
????????????
У ніч на 21 березня 2024 року противник атакував двома балістичними/аеробалістичними ракетами «Іскандер-М» ( KN-23) /Х-47М2 «Кинджал», а також 29-ма крилатими ракетами Х-101/Х-555 із 11 стратегічних бомбардувальників Ту-95МС (райони пусків –Волгодонськ, Енгельс – рф.).

Ракети заходили з півночі, основний напрямок удару – Київ!  

??До відбиття повітряного нападу залучено зенітні ракетні підрозділи Повітряних Сил та мобільні вогневі Сил оборони України.
В результаті успішної бойової роботи усі ворожі ракети були збиті на Київщині!
 
?? Всім дякую за результат і врятовані життя громадян.
Разом – до перемоги!
????????????
????  Командувач Повітряних Сил генерал-лейтенант Микола Олещук"
34;15.02.2024 09:09;"?? ЗНИЩЕНО 13 РАКЕТ РІЗНИХ ТИПІВ
???????????
Уночі 15 лютого 2024 року російські окупанти атакували Україну крилатими ракетами повітряного базування Х-101/Х-555/Х-55, морського базування – «Калібр», балістичними ракетами «Іскандер-М»/ KN-23, зенітними керованими ракетами С-300, керованими авіаційними ракетами Х-59.

Усього зафіксовано пуски 26 ракет різних типів:
? 12 крилатих ракет Х-101/Х-555/Х-55 з літаків стратегічної авіації ТУ-95мс (Енгельс);
?  6 балістичних ракет «Іскандер-М»/ KN-23 (Воронезька);
?  2 крилаті ракети «Калібр» (Новоросійськ – рф);
? 4 керовані авіаційні ракети Х-59 (ТОТ Запорізької обл., Курська обл. – рф.);
? 2 зенітні керовані ракети С-300 (Бєлгородська обл. – рф).

?? Силами та засобами Повітряних Сил та Сил оборони України знищено 13 ракет різних типів:

?  8 крилатих ракет Х-101/Х-555/Х-55;
? 1 балістичну ракету «Іскандер-М»/KN-23;
?  2 крилаті ракети «Калібр»;
?  2 керовані авіаційні ракети Х-59.

? Тримаймо небо!
???? Разом – до перемоги!"
35;07.02.2024 10:03;"?? ЗНИЩЕНО 44 ПОВІТРЯНІ ЦІЛІ: 29 РАКЕТ ТА 15 УДАРНИХ БПЛА
??????????????
На початку доби 7 лютого 2024 року противник здійснив кілька ударів по території України, використовуючи різні засоби повітряного нападу – ударні БпЛА, крилаті, балістичні та зенітні керовані ракети.

Загалом застосовано 64 засоби повітряного нападу:
?? 20 ударних БпЛА типу «Shahed-136/131» (Чауда – Крим);
? 29 крилатих ракет Х-101/Х-555/Х-55 з 10-ти літаків стратегічної авіації Ту-95МС (пуски – Енгельс, Каспійське море);
? 4 крилаті ракети Х-22 з бомбардувальників Ту-22М3 (район пусків Севастополь, Курськ);
? 3 крилаті ракети морського базування «Калібр» з носіїв у Чорному морі (район пусків – Новоросійськ);
? 3 балістичні ракети «Іскандер-М» (пуски із мису Тарханкут – Крим, Воронезької обл. – рф.);
? 5 зенітних керованих ракет С-300 (район пусків – Бєлгородська обл. –рф.).

?? В результаті бойової роботи вогневими засобами Повітряних Сил та Сил оборони знищено 44 повітряні цілі:

? 26 крилатих ракет Х-101/Х-555/Х-55; 
? 3 крилаті ракети «Калібр»;
?? 15 ударних БпЛА типу «Shahed-136/131».

У відбитті повітряного нападу застосовувались зенітні ракетні війська та винищувальна авіація Повітряних Сил, підрозділи мобільних вогневих груп Сил оборони України, засоби радіоелектронної боротьби.

?Тримаймо небо!
???? Разом – до перемоги!"
36;23.01.2024 09:48;"?? ЗНИЩЕНО 21 ВОРОЖУ РАКЕТУ
??????????
Вночі 23 січня 2024 року противник завдав комбінованого ракетного удару по Україні, застосувавши крилаті, балістичні, авіаційні та зенітні керовані ракети.
 
Усього протягом ночі зафіксовано 41 засіб повітряного нападу противника, більшість випущених ракет тих типів, що атакують по балістичній траєкторії:

? 4 зенітні керовані ракети С-300/С-400 з Бєлгородської обл. – у напрямку Харківщини;
? 15 крилатих ракет Х-101/Х-555/Х-55 із шести стратегічних бомбардувальників Ту-95МС (район пусків – Енгельс, рф.);
? 8 ракет Х-22 із бомбардувальників Ту-22М3 з Брянська та Орловська обл. – у напрямку Харківщини та Сумщини;
? 12 балістичних ракет «Іскандер-М» (район пусків – Бєлгородська та Воронезька обл.)
? 2 керовані авіаційні ракети Х-59 з двох літаків Су-34 (район пусків – Белгородська область – рф).

В результаті бойової роботи силами та засобами Повітряних Сил, у взаємодії із ППО Сил оборони знищено:

? 15 крилатих ракет Х-101/х-555/Х-55;
 ? 5 балістичних ракет «Іскандер-М»
? керовану авіаційну ракету Х-59.

Інформація щодо руйнувань та постраждалих уточнюється і буде оприлюднена місцевою владою.
Важливо, що не всі ворожі ракети, які атакували по балістичній траєкторії досягли своїх цілей!

?Тримаймо небо!
???? Разом – до перемоги!"
37;13.01.2024 10:44;"??ЗНИЩЕНО ВІСІМ КРИЛАТИХ РАКЕТ
?????????
У ніч на 13 січня 2024 року противник завдав ракетного удару по Україні, застосувавши крилаті, аеробалістичні, балістичні, авіаційні, зенітні керовані ракети та ударні БплА.
 
??Усього зафіксовано 40 засобів повітряного нападу противника:
? 7 зенітних керованих ракет С-300/С-400 з Бєлгородської обл. – рф.;
?? 3 ударні БпЛА “Shahed-136/131” з Курської області;
?? 6 аеробалістичних ракет Х-47М2 «Кинджал» з шести літаків МіГ-31К (район пуску –Тамбов);
?? до 12 крилатих ракет Х-101/Х-555/Х-55 із 11 стратегічних бомбардувальників Ту-95МС (район пусків – Каспійське море, рф.);
?? 6 крилатих ракет Х-22 із бомбардувальників Ту-22М3 з Брянська обл. – рф.;
?? 2 керовані авіаційні ракети Х-31П з двох літаків Су-35 (район пусків – окупована Херсонщина);
?? 4 керовані авіаційні ракети Х-59 з двох літаків Су-34 (район пусків – Брянської область –рф).

В результаті бойової роботи силами та засобами Повітряних Сил, у взаємодії із ППО Сил оборони знищено:
 ??7 крилатих ракет Х-101/х-555/Х-55;
 ??1 керовану авіаційну ракету Х-59.

Зазначимо, що понад 20 усіх перелічених засобів повітряного нападу, що не потрапили в статистику збитих, не досягли своїх цілей, внаслідок активної протидії засобами радіоелектронної боротьби!
Крім того, «нє імєющіє аналогов» російські ракети стають дедалі гіршими і летять бозна-куди!
Втім це не значить, що вони не становлять загрози, скоріше навпаки!
Тому будьте пильні, не ігноруйте тривогу, особливо із застосуванням «балістики».

?Тримаймо небо!
????Разом – до перемоги!"
38;08.01.2024 11:29;"??ЗНИЩЕНО ВІСІМНАДЦЯТЬ КРИЛАТИХ РАКЕТ ТА ВІСІМ «ШАХЕДІВ»
?????????
У ніч на 8 січня 2024 року противник завдав масованого удару по Україні, застосувавши крилаті, авіаційні, балістичні, зенітні керовані ракети та ударні БпЛА.
 
Усього зафіксовано 59 засобів повітряного нападу противника:
?? 8 ударних БпЛА типу “Shahed-136/131” з району Приморсько-Ахтарськ – рф.;
? 7 зенітних керованих ракет С-300/С-400 з Бєлгородської обл. – рф.;
? 4 аеробалістичні ракети Х-47М2 «Кинджал» з чотирьох літаків МіГ-31К (район пуску – Рязань, Тамбов);
? 24 крилаті ракети Х-101/Х-555/Х-55 із 11 стратегічних бомбардувальників Ту-95МС (район пусків – Енгельс – рф.);
? 8 крилатих ракет Х-22 із бомбардувальників Ту-22М3 з Бєлгородської обл. – рф.;
? 6 балістичних ракет «Іскандер-М» із районів Джанкой, Чауда – Крим;
? 2 керовані авіаційні ракети Х-31П з літаків тактичної авіації (район пусків – Бєлгородська область).

Атаковано об’єкти критичної інфраструктури, промислові цивільні та військові об’єкти. Про наслідки та постраждалих повідомлять на місцях військові адміністрації.

Цього разу ворог атакував різні регіони України. Зокрема, ракети, що летять по балістичній траєкторії, спрямовано по Харківській, Дніпропетровській, Запорізькій та Хмельницькій областях.

?? У підсумку захисники неба знищили:

?? 8 ударних БпЛА “Shahed-136/131”;
? 18 крилатих ракет Х-101/Х-555/Х-55.

Варто додати, що не всі ворожі ракети, які не вдалось збити, досягли своїх цілей.

?Тримаймо небо!
???? Разом – до перемоги!"
39;02.01.2024 11:28;"2 СІЧНЯ ЗНИЩЕНО 72 ПОВІТРЯНІ ЦІЛІ
??????????
У ніч на 2 січня 2024 року ворог повторив масовану атаку засобами повітряного нападу різних типів, як це було кілька днів тому – 29 грудня 2023 року.
Атаковано об’єкти критичної інфраструктури, промислові, цивільні та військові об’єкти. Основний напрямок удару – столиця України!

??У першій хвилі атакували «шахедами» з південно-східного напрямку, із подальшим рухом по різних регіонах України. Усі 35 ударних БпЛА «Shahed-136/131» було знищено протиповітряною обороною, про що повідомлялось раніше.

??Уранці ворог застосував стратегічну авіацію – бомбардувальники Ту-95МС. 16 літаків вийшли на рубежі пуску близько 6.00 і запустили не менше 70 крилатих ракет повітряного базування Х-101/Х-555/Х-55.

?Із 07.30 було зафіксовано пуски десяти аеробалістичних ракет Х-47М2 «Кинджал» із винищувачів МіГ-31К ??. 

??Також противник атакував із моря трьома крилатими ракетами «Калібр», а з півночі – 12-ма ракетами, які летіли по балістичній траєкторії типу Іскандер-М/С-300/С-400.

??Із літаків тактичної авіації Су-35 застосовано чотири протирадіолокаційні ракети Х-31П.

??За попередніми результатами противник застосував 99 засобів повітряного нападу: ракети різних типів.

Силами та засобами Повітряних Сил, у взаємодії із підрозділами Сил оборони України, знищено 72  повітряні цілі:

?- 10 аеробалістичних ракет Х-47М2 «Кинджал»;
?- 59 крилатих ракет Х-101/Х-555/Х-55;
?- 3 крилаті ракети «Калібр».

?Тримаймо небо!
????Разом – до перемоги!"
40;08.12.2023 10:04;"?? ЗНИЩЕНО 14 КРИЛАТИХ РАКЕТ ПОВІТРЯНОГО БАЗУВАННЯ
????????
8 грудня 2023 року, близько 06.00 ворог завдав удару із стратегічних бомбардувальників Ту-95МС крилатими ракетами Х-101/Х-555.

?? Усього було задіяно 7 літаків із району Саратовської області, які, попередньо, випустили 19 крилатих ракет повітряного базування.

??  Частина ворожих ракет була спрямована на об’єкти інфраструктури на Дніпропетровщині. Інша група, долетівши до Дніпра, змінила напрямок руху в бік Києва.

?? Станом на 09.00 знищено 14 із 19 крилатих ракет Х-101/Х-555 на Дніпропетровщині та Київщині.

Про наслідки ракетного удару та постраждалих повідомлять місцеві військові адміністрації.
   
?Тримаймо небо!
???? Разом – до перемоги!"
41;18.09.2023 08:26;"??ЗНИЩЕНО 18 “ШАХЕДІВ” ТА 17 КРИЛАТИХ РАКЕТ
???????
У ніч на 18 вересня 2023 року ворог атакував Україну ударними БпЛА типу “Shahed-136/131” та крилатими ракетами повітряного базування  Х-101/Х-555/Х-55.

?? «Шахеди» летіли з двох напрямків: (Приморсько-Ахтарськ – рф та мис Чауда – ТОТ Крим). Усього зафіксовано 24 ударних БпЛА, у напрямку Миколаївської та Одеської областей.

?? 18 ударних дронів знищено протиповітряною обороною по маршруту слідування.

?? Пуски крилатих ракет із стратегічних бомбардувальників Ту-95МС окупанти здійснили з Волгоградської області.

Залучено вісім бортів, зафіксовано пуски 17 крилатих ракет типу Х-101/Х-555/Х-55 .

?? Усі 17 – знищено силами та засобами Повітряних Сил у межах Дніпропетровської, Полтавської та Хмельницької областей. 

? Тримаймо небо!
???? Разом до перемоги!"
42;06.09.2023 07:28;"?? ЗНИЩЕНО 23 ПОВІТРЯНІ ЦІЛІ
?????????
Уночі 6 вересня  2023 року противник завдав удару по Україні ракетами повітряного та наземного базування, а також ударними дронами.

Усього зафіксовано 33 ворожі повітряні цілі:

?? 7 ракет повітряного базування типу Х-101/Х-555/Х-55, випущені з 9 літаків стратегічної авіації Ту-95мс із району Енгельса;

?? 1 балістичну ракету “Іскандер-М”;

?? 25 ударних БпЛА типу “Shahed-136/131” з південно-східного та південного напрямків (Приморсько-Ахтарськ, Чауда).

По маршруту слідування ракет та дронів працювала протиповітряна оборона. До відбиття повітряного нападу залучено зенітні ракетні війська, винищувальну авіацію, мобільні вогневі групи та інші засоби ураження.

?? Силами та засобами протиповітряної оборони Повітряних Сил, у взаємодії із ППО Сил оборони України, знищено 23 повітряні цілі:

?? 7 крилатих ракет Х-101/Х-555/Х-55;
?? 1 балістичну ракету “Іскандер-М”;
?? 15 ударних БпЛА типу “Shahed-136/131”.

? Тримаймо небо!
???? Разом до перемоги!"
43;30.08.2023 08:46;"?? ЗНИЩЕНО 28 КРИЛАТИХ РАКЕТ ТА 15 УДАРНИХ БПЛА

Уночі 30 серпня 2023року противник завдав удару по Україні крилатими ракетами повітряного базування та ударними дронами.

??Усього зафіксовано 44 ворожі повітряні цілі:
28 ракет повітряного базування типу Х-101/Х-555/Х-55, випущені з 11 літаків стратегічної авіації Ту-95мс із Каспію та району Енгельса.

16 ударних БпЛА типу “Shahed-136/131” з південного та північного напрямків (Приморсько-Ахтарськ, Курськ).

По маршруту слідування ракет та дронів у низці областей України працювала протиповітряна оборона. До відбиття повітряного нападу залучено зенітні ракетні війська, винищувальну авіацію, мобільні вогневі групи та інші засоби ураження.

?? Силами та засобами протиповітряної оборони Повітряних Сил у взаємодії із ППО Сил оборони України знищено 43 повітряні цілі у межах Київської, Черкаської, Одеської, Миколаївської та Житомирської областей:

?? 28 крилатих ракет Х-101/Х-555/Х-55
?? 15 ударних БпЛА типу “Shahed-136/131”.

? Тримаймо небо!
???? Разом до перемоги!"
44;26.07.2023 16:55;"?? ЗНИЩЕНО ДВІ КРИЛАТІ РАКЕТИ ""КАЛІБР""
???????
Близько 13 години 26 липня 2023 року противник завдав удару крилатими ракетами «Калібр» з акваторії Чорного моря.

Імовірно пуски ракет здійснювались з російського підводного човна.
В повітряний простір ракети увійшли з південно-східного напрямку, змінюючи курс по маршруту слідування.

?? Обидві ракети збито на Вінниччині.

?? Наразі у повітрі залишаються стратегічні бомбардувальники Ту-95МС, про які ми повідомляли раніше. Ворожі літаки рухаються у район пусків – Каспійське море. Орієнтовний час виходу на пускові рубежі 17.00!

??Про можливі пуски та загрози повідомимо додатково на офіційному телеграм-каналі Повітряних Сил.
У разі небезпеки – прямуйте в укриття!

???? Разом – до перемоги!"
45;23.06.2023 07:02;"??23 ЧЕРВНЯ ЗНИЩЕНО 13 КРИЛАТИХ РАКЕТ ОКУПАНТІВ
??????????
Уночі 23 червня 2023 року противник завдав удару по Україні з літаків стратегічної авіації. Цього разу атаку спрямовано на військовий аеродром у Хмельницькій області.

Пуски здійснювались близько опівночі з Каспійського моря із чотирьох бомбардувальників Ту-95мс.

?? Усі 13 крилатих ракет Х-101/Х-555 було знищено протиповітряною обороною, більшість на Хмельниччині.

Крім того, захисники неба знищили розвідувальний БпЛА невстановленого типу.

? Тримаймо небо!
?? Разом – до перемоги!"
46;22.06.2023 10:34;"НІЧНА АТАКА РАШИСТІВ БУЛА СПРЯМОВАНА НА ОБ’ЄКТИ КРИТИЧНОЇ ІНФРАСТРУКТУРИ
???????????
Уночі 22 червня 2023 року російські окупанти атакували Україну з повітря ракетами Х-22, Х-47 «Кинджал» та ударними дронами «Shahed-136/131».

Із бомбардувальників Ту-22м3 з акваторії Азовського моря противник здійснив пуски трьох крилатих ракет Х-22, із МіГ-31К – трьох аеробалістичних ракет Х-47 «Кинджал». Також зафіксовано пуски чотирьох іранських «шахедів» – три ворожі дрони знищено протиповітряною обороною.

На щастя, ракети ворога не досягли своїх цілей на Дніпропетровщині. Втім, окупанти продовжують терор проти українського народу, атакуючи об’єкти критичної інфраструктури України.

? Тримаймо небо!
???? Разом – до перемоги!"
47;15.06.2023 06:34;"??ЗНИЩЕНО 22 ПОВІТРЯНІ ЦІЛІ
????????
Уночі в період з 00.20 по 04.30 год 15 червня 2023 року російські окупанти завдали  удару по Україні крилатими ракетами повітряного базування Х-101/Х-555, а також ударними дронами «Shahed-136/131».

Чотирма літаками стратегічної авіації Ту-95мс здійснено чотири пуски крилатих ракет Х-101/Х-555 з Каспійського моря. Одну із ракет вдалось знищити, решта – влучили в промислові об’єкти в Дніпропетровській області. Про  наслідки удару повідомлять місцеві військові адміністрації.

Іранські «шахеди» противник запускав з північного та південного напрямків.
Усі 20 ударних дронів знищено силами та засобами Повітряних Сил у зонах відповідальності повітряних командувань «Південь» та «Схід».

Крім того, знищено ворожий БпЛА оперативно-тактичного рівня, який здійснював повітряну розвідку на східному напрямку.

? Тримаймо небо!
???? Разом – до перемоги!"
48;14.06.2023 08:05;"??ЗНИЩЕНО 12 ПОВІТРЯНИХ ЦІЛЕЙ
У ніч на 14 червня 2023 року російські окупанти завдали ракетного удару по військових та інфраструктурних об’єктах України крилатими ракетами повітряного та морського базування, а також ударними дронами-камікадзе.
?? З акваторії Чорного моря противник завдав удару чотирма крилатими ракетами «Калібр» у напрямку Одещини. Три ракети вдалось збити, одна – влучила в цивільний об’єкт.
?? Із східного узбережжя Азовського моря рашисти атакували 10-ма іранськими ударними дронами «Shahed-136/131» на південно-східному напрямку.
Дев’ять – збито!
?? З Ростовської обл. окупанти завдали удару шістьма крилатими ракетами повітряного базування Х-22 із 4-х дальніх бомбардувальників Ту-22М3. Удар завдано по Донеччині. Наслідки уточнюються.
?? Тож загалом силами та засобами Повітряних Сил, у взаємодії з ППО складових Сил оборони України, під час цієї нічної атаки знищено 12 повітряних цілей: три крилаті ракети «Калібр» та дев’ять іранських ударних дронів «Shahed-136/131».
???? Разом – до перемоги!"
49;13.06.2023 09:05;"??ЗНИЩЕНО 11 КРИЛАТИХ РАКЕТ ТА УДАРНИЙ ДРОН
???????
Чергова нічна атака і черговий тероризм держави-окупанта проти мирного населення України.

Уночі 13 червня ворог завдав удару із стратегічної авіації – восьми бомбардувальників Ту-95мс з району Каспію, а також кількома ударними дронами з південного напрямку.

Усього випущено 14 крилатих ракет повітряного базування Х-101/Х-555 та до чотирьох БпЛА «Shahed-136/131».

Силами та засобами протиповітряної оборони Повітряних Сил знищено 10 крилатих ракет та один ударний дрон.

У м. Кривий Ріг – влучання ракет в житловий сектор, зокрема, п’ятиповерховий будинок… Співчуваємо родинам загиблих та постраждалим від рук терористів…

Під ранок рашисти здійснили повторну атаку з Каспійського моря трьома Ту-95мс. За попередніми даними цього разу до України долетіла лише одна крилата ракета, яку знищено українською ППО!

?? За кожне життя українця буде відплата! 
???? Переможемо!
? Тримаймо небо!"
50;06.06.2023 06:10;"??35 із 35: УНОЧІ 6 ЧЕРВНЯ ПОВІТРЯНІ СИЛИ ЗНИЩИЛИ УСІ КРИЛАТІ РАКЕТИ
???????
Уночі 6-го червня 2023 року в період з 00.30 по 04.00 год окупанти завдали удару по Україні крилатими ракетами повітряного базування Х-101/Х-555.

Атакували традиційно – з району Каспійського моря із шести стратегічних бомбардувальників Ту-95мс.

Силами та засобами протиповітряної оборони Повітряних Сил Збройних Сил України знищено усі 35 крилатих ракет.

Більшість Х-101/Х-555 прямувала у напрямку столиці – в зону відповідальності повітряного командування «Центр». 

???? Вітаємо з Днем журналіста!
? Тримаймо інформаційний фронт!
?? Разом – до перемоги!"
51;04.06.2023 07:36;"??ЗНИЩЕНО ЧОТИРИ КРИЛАТІ РАКЕТИ ТА ТРИ УДАРНІ ДРОНИ
?????????
Окупанти продовжують нічні атаки по території України безпілотниками та крилатими ракетами по військових об’єктах та об’єктах критичної інфраструктури.

З 01.00 по 04.00 год 4 червня 2023 року противник застосував п’ять іранських ударних БпЛА «Shahed-136/131» з Брянської області, а також шість крилатих ракет повітряного базування Х-101/Х-555 – випущені із шести стратегічних бомбардувальників Ту-95мс з району Каспію. 

Силами та засобами протиповітряної оборони Повітряних Сил знищено чотири крилаті ракети та три ударні дрони!

? Тримаймо небо!
???? Разом – до перемоги!"
52;02.06.2023 09:20;"ЗНИЩЕНО 15 КРИЛАТИХ РАКЕТ ТА 21 УДАРНИЙ ДРОН

Окупанти не полишають спроб тероризувати столицю України ударними дронами та ракетами.

Чергова нічна атака завершилась невдачею для ворога і черговим успіхом української ППО!

Спершу російські окупанти атакували дронами-камікадзе «Shahed-136/131» – близько 23.00 у ніч на 2 червня. Заходили з південного напрямку, використовуючи рельєф місцевості та русло Дніпра.

Близько 3.00 години крилаті ракети Х-101/Х-555, випущені стратегічними бомбардувальниками Ту-95мс з Каспію, уже були в повітряному просторі України. Заходили з північного напрямку, атакуючи Київ, маневрували, намагаючись ввести в оману нашу протиповітряну  оборону.

Силами та засобами протиповітряної оборони Повітряних Сил, у взаємодії з ППО складових Сил оборони України, усі 15 крилатих ракет та 21 ударний дрон знищено!

Тримаймо небо!
Разом – до перемоги!"
53;29.05.2023 08:35;"??ЗНИЩЕНО 37 КРИЛАТИХ РАКЕТ ТА 29 «ШАХЕДІВ»
?????????
З 00.00 год по 05.00 год 29 травня 2023 року російські окупанти атакували військові об’єкти та об’єкти критичної інфраструктури України крилатими ракетами та ударними дронами.

Цього разу ворог випустив до 40 крилатих ракет повітряного базування Х-101/Х-555 з дев’яти літаків стратегічної авіації Ту-95мс з району Каспійського моря.

З північного та південного напрямків противник атакував іранськими БпЛА «Shahed-136/131». Усього – близько 35 ударних дронів.

 Протягом ночі протиповітряна оборона працювала у зонах відповідальності всіх повітряних командувань Повітряних Сил: «Центр», «Схід», «Південь» та «Захід».

Силами та засобами повітряних командувань у взаємодії із протиповітряною обороною інших складових Сил оборони України знищено 67 повітряних цілей:

– 37 крилатих ракет Х-101/Х-555;
– 29 ударних БпЛА «Shahed-136/131»;
– 1 розвідувальний БпЛА оперативно-тактичного рівня.

??Посилюємо ППО!
????Бережемо країну!
??Разом – до перемоги!"
54;18.05.2023 09:07;"?? ЗНИЩЕНО 29 КРИЛАТИХ РАКЕТ
Із 21.00 17 травня по 05.30 18 травня 2023 року російські окупанти здійснили кілька хвиль ракетних атак з різних напрямків. Загалом випущено 30 крилатих ракет морського, повітряного та наземного базування.
Із літаків стратегічної авіації: двох Ту-160 та восьми Ту-95 випущено 22 крилаті ракети Х-101/Х-555.
Із кораблів у Чорному морі – 6 крилатих ракет «Калібр».
А також дві крилаті ракети «Іскандер-К» із наземних оперативно-тактичних ракетних комплексів.
Силами та засобами протиповітряної оборони Повітряних Сил, у взаємодії з іншими складовими Сил оборони України, знищено 29 крилатих ракет.
Також збито 2 ударних БпЛА «Shahed-136/131» та два розвідувальних БпЛА (ОТР).

Ще раз нагадуємо, що навіть при успішній роботі протиповітряної оборони, уламки збитих в небі ракет обов’язково повертаються на землю і несуть серйозну загрозу життю людей. Під час повітряної тривоги дотримуйтесь правил безпеки. Бережіть себе та своїх рідних.
??Б’ємо ворога разом!
???? Разом – до перемоги!"
55;14.05.2023 08:52;"??ЗНИЩЕНО 25 БпЛА ТА ТРИ КРИЛАТІ РАКЕТИ
????????
У ніч на 14 травня 2023 року російські окупанти атакували Україну з різних напрямків ударними дронами «Shahed-136/131», ракетами «Калібр» з кораблів у Чорному морі, крилатими ракетами Х-101/Х-555/Х-55 з літаків стратегічної авіації Ту-95мс

Протягом нічної атаки знищено  три крилаті ракети та 25 безпілотних літальних апаратів:

– 18 ударних дронів типу «Shahed-136/131»;
– один ударний БпЛА типу «Ланцет»;
– два БпЛА оперативно-тактичного рівня «Орлан-10»;
– чотири БпЛА (тип уточнюється)
– три крилаті ракети Х-101/Х-555/Х-55

?? Протягом доби 13 травня та на початок доби 14 травня тактична авіація Повітряних Сил здійснила до півсотні літаковильотів на вогневе ураження ворога та винищувальне авіаційне прикриття.

? Тримаймо небо!
???? Разом – до перемоги!"
56;08.05.2023 07:12;"??ЗНИЩЕНО 35 “ШАХЕДІВ”
?????????
У ніч на 8 травня 2023 року противник атакував Київщину ударними дронами іранського виробництва «Shahed-136/131».

Було застосовано 35 ударних БпЛА, які атакували з північного напрямку – аеродром Сеща (Брянська область).

Силами та засобами протиповітряної оборони Повітряне командування ""Центр"" Повітряних Сил, у взаємодії з складовими Сил оборони України, знищено усі тридцять п’ять «Shahed-136/131».

Разом з тим, нагадуємо, що навіть 100-відсотковий результат уражень повітряних цілей не гарантує безпечне перебування там, де працює ППО! Уламки зенітних ракет та уражених БпЛА обов’язково повертаються на землю!
Тож бережіть себе та своїх рідних.

Також, близько опівночі російські окупанти атакували Одещину із бомбардувальників дальньої авіації Ту-22м3. Усього здійснено вісім пусків з району мису Тарханкут (окупований Крим).
Частина ракет не досягла своїх цілей. Про наслідки влучань, повідомить місцева військова адміністрація.

? Тримаймо небо!
???? Разом – до перемоги!"
57;01.05.2023 07:26;"ЗНИЩЕНО 15 із 18 КРИЛАТИХ РАКЕТ
?????????
01 травня 2023 року близько 02.30 російські окупанти атакували Україну із літаків стратегічної авіації  – дев’яти Ту-95 з району Оленєгорськ (Мурманська обл.) та двох Ту-160 із району Каспійського моря.
Загалом було випущено 18 крилатих ракет повітряного базування Х-101/Х-555.
Силами та засобами протиповітряної оборони Повітряних Сил Збройних Сил України знищено 15!

? Тримаймо небо!
???? Разом – до перемоги!"
58;28.04.2023 07:15;"ЗНИЩЕНО 21 із 23 КРИЛАТИХ РАКЕТ ТА 2 БпЛА
?????????
28 квітня 2023 року близько 4 год ранку російські окупанти атакували Україну із літаків стратегічної авіації Ту-95 з району Каспійського моря.

Підрозділами зенітних ракетних військ Повітряних Сил ЗС України у взаємодії із ППО інших складових Сил оборони знищено 21 із 23 крилатих ракет Х-101/Х-555, а також два БпЛА оперативно-тактичного рівня. 

Цілі знищено у зонах відповідальності повітряного командування ""Центр"", повітряного командування ""Схід""  та повітряного командування ""Південь"".

Співчуття родинам загиблих та постраждалим... 
Ворог обов’язково відповість за свої злочини!

???? Разом – до перемоги!"
59;13.03.2023 14:25;"?? Близько 13.30 13 березня через активність стратегічної і тактичної авіації ворога у більшості областей України було оголошено повітряну тривогу.

?? Зафіксовано зліт та посадку стратегічного бомбардувальника-ракетоносця Ту-160 з аеродрому Енгельс Саратовської області.

?? Спостерігався переліт чотирьох винищувачів МіГ-31БМ (модифікація, що не є носієм аеробалістичних ракет ""Кинджал"") у Курську область.

?? Дальній бомбардувальник Ту-22м3 вилетів із аеродрому ""Шайковка"" у північному напрямку.

?? У Брянській області московії та на східному напрямку спостерігалась активність ворожої тактичної авіації.

???? Повітряні Сили"
60;16.02.2023 07:49;"??????МАСОВАНИЙ РАКЕТНИЙ УДАР:
ЗНИЩЕНО 16 РАКЕТ ОКУПАНТІВ

Уночі 16 лютого російські окупаційні війська завдали масованого ракетного удару по об’єктах критичної інфраструктури.

Противник випустив по Україні 32 крилаті ракети повітряного та морського базування.

Застосовано 12 крилатих ракет Х-101/Х-555 із двох стратегічних бомбардувальників Ту-95мс з району Каспійського моря, 8 крилатих ракет «Калібр» із фрегата з акваторії Чорного моря, 12 крилатих ракет Х-22 із шести дальніх бомбардувальників Ту-22м3 з району Курська та дві керовані авіаційні ракети Х-59 з двох літаків тактичної авіації Су-35 з району Мелітополя.

Силами та засобами Повітряних Сил ЗС України знищено 14 крилатих ракет Х-101/Х-555, «Калібр» та дві керовані авіаційні ракети Х-59.

На жаль, частина крилатих ракет Х-22 досягла своїх цілей, уразивши об’єкти критичної інфраструктури. Наразі на озброєнні немає вогневих засобів, здатних знищувати цей тип ракет.  

? Тримаймо стрій!
???? Разом – до перемоги!"
61;10.02.2023 13:59;"??????ЗНИЩЕНО 61 із 71 ВОРОЖОЇ РАКЕТИ
-----------------------------------
10 лютого ворог завдав масованого ракетного удару по об’єктах критичної інфраструктури України.

З повітря ворог атакував вісьмома стратегічними бомбардувальниками Ту-95мс, які випускали ракети Х-101 та Х-555 з районів Каспійського моря та Волгодонська. 

Із кораблів у Чорному морі – крилатими ракетами морського базування типу «Калібр».

Станом на 11.30 противник здійснив 71 пуск крилатих ракет Х-101, Х-555, «Калібр» (в т.ч. нічні пуски).

Силами та засобами протиповітряної оборони Повітряних Сил та інших складових Сил оборони України знищено 61 крилату ракету ворога та 5 дронів-камікадзе «Shahed-136/131», про які повідомляли раніше!

 ???? Слава Україні!
 ?? Разом – до перемоги!"
62;10.02.2023 09:04;"??????ЗНИЩЕНО 5 «КАЛІБРІВ» ТА 5 ДРОНІВ-КАМІКАДЗЕ    
---------------------------------
10 лютого 2023 року противник завдав ударів по містах та об’єктах критичної інфраструктури України.

Застосовано сім дронів-камікадзе «Shahed-136/131» із східного узбережжя Азовського моря та шість крилатих ракет морського базування «Калібр» – із російського фрегата у Чорному морі.

Силами та засобами Повітряних Сил ЗС України знищено 5 крилатих ракет «Калібр» та 5 ударних дронів «Shahed-136/131».

Також окупанти завдали масованого удару зенітними ракетами С-300 з районів Бєлгород (росія) і Токмак (окупована територія Запорізької області).

По Харківській та Запорізькій областях запущено до 35 зенітних керованих ракет (С-300), які неможливо знищувати в повітрі засобами ППО.

Близько 8.30 здійснено пуски крилатих ракет із стратегічних бомбардувальників Ту-95мс.
Залишайтесь в укритті!

 ???? Слава Україні!
 ?? Разом – до перемоги!"
63;31.12.2022 17:37;"?????? ЗБИТО 12 КРИЛАТИХ РАКЕТ ОКУПАНТІВ ТА БпЛА «ОРЛАН-10»
--------------------------
31 грудня близько 13.00 ворог атакував Україну із літаків-ракетоносців стратегічної авіації Ту-95МС з акваторії Каспійського моря та оперативно-тактичних комплексів наземного базування «Іскандер-М». 

За попередніми даними, усього було здійснено близько 20 пусків ракет. Кілька із них не долетіли до України і впали на території рф (інформація уточнюється).

Силами і засобами протиповітряної оборони Повітряних Сил знищено 12 крилатих ракет у Київській, Житомирській та Хмельницькій областях.

Крім того, на Київщині, збито ворожий БпЛА «Орлан-10», який здійснював повітряну розвідку під час ракетної атаки та намагався виявити позиції нашої ППО. 

???? Тримаймо стрій!
?? Перемоги нам у новому році!"
64;05.12.2022 17:39;"?? ПОВІТРЯНІ СИЛИ ВІДБИЛИ МАСОВАНИЙ РАКЕТНИЙ УДАР ПО УКРАЇНІ: ЗБИТО БІЛЬШЕ 60 ІЗ ПОНАД 70 РАКЕТ ОКУПАНТІВ

5-го грудня російські окупанти завдали масованого ракетного удару по об’єктах критичної інфраструктури України.

Загалом випущено понад 70 ракет.

За попередньою інформацією пуски 38 крилатих ракет Х-101/Х-555 здійснювались із восьми літаків-ракетоносців стратегічної авіації Ту-95мс з району Каспійського моря та Волгодонська Ростовської області.

Також противник завдав удару 22-ма крилатими ракетами типу «Калібр» із кораблів Чорноморського флоту.

Крім того, з акваторії Чорного моря Україну атакували дальні бомбардувальники Ту-22м3 трьома крилатими ракетами Х-22, а також винищувачі Су-35 шістьома керованими авіаційними ракетами Х-59 та однією Х-31П.

До відбиття повітряного нападу залучено зенітні ракетні підрозділи, авіацію, мобільні вогневі групи Повітряних Сил ЗС України та інших складових Сил оборони.

Загалом збито понад 60 ракет окупантів!

?? Тримаймо стрій!
???? Разом – до перемоги!"
65;23.11.2022 17:16;"?? ЗБИТО 51 ІЗ 70 ВОРОЖИХ КРИЛАТИХ РАКЕТ ТА П’ЯТЬ ДРОНІВ-КАМІКАДЗЕ
23 листопада держава-терорист вчергове завдала масованого ракетного удару по об’єктах критичної інфраструктури України із літаків стратегічної авіації та кораблів Чорноморського флоту.
Пуски здійснено із 10 літаків-ракетоносців Ту-95мс з районів Волгодонська Ростовської області та Каспійського моря, а також із двох малих ракетних катерів з акваторії Чорного моря.
Загалом було випущено близько 70 крилатих ракет Х-101/Х-555, «Калібр».
51 ракету знищено силами та засобами протиповітряної оборони.
Крім того, на півдні країни знищено п’ять ударних безпілотних літальних апаратів типу «Ланцет».
Повітряні Сили продовжують виконувати завдання із захисту повітряного простору держави, знищуючи ворожі повітряні цілі по всій території України, на всіх напрямках.
На превеликий жаль, внаслідок чергової терористичної атаки росії, загинули люди, є влучання в житлові будинки.
Висловлюємо глибокі співчуття родинам загиблих…"
66;17.11.2022 14:40;"ЗБИТО 4 Х-101, 5 «ШАХЕДІВ» ТА 2 КЕРОВАНІ АВІАЦІЙНІ РАКЕТИ
17 листопада російські окупанти продовжують завдавати ударів по українській території засобами повітряного нападу.

Окрім ударів реактивною артилерією та зенітними ракетами С-300 по прифронтових містах, 17 листопада росія знову вдарила із літаків стратегічної авіації Ту-95мс з району Волгодонська Ростовської області. Усього із 9-ти бомбардувальників-ракетоносців випущено до 18 крилатих ракет типу Х-101/Х-555.
Цього разу цілями ворога стали підприємство на Дніпропетровщині та об’єкти газодобувної галузі України.
Чотири крилаті ракети було знищено у зоні відповідальності повітряного командування «Центр» силами та засобами Повітряних Сил та протиповітряної оборони Сухопутних військ.
Крім того, у центральному регіоні знищили усі п’ять «Shahed-136», які атакували Україну з території Білорусі.
На південному напрямку протиповітряною обороною повітряного командування «Південь» знищено дві керовані авіаційні ракети Х-59.

???? Слава Україні!
?? Смерть ворогам!"
67;31.10.2022 10:03;"?? ЗБИТО 44 ІЗ ПІВСОТНІ РАКЕТ ОКУПАНТІВ!
??????
О 07.00 31 жовтня російські окупанти здійснили кілька хвиль ракетних атак по об’єктах критичної інфраструктури України.

Із літаків-ракетоносців стратегічної авіації Ту-95/Ту-160 було випущено понад 50 крилатих ракет Х-101/Х-555 з півночі Каспійського моря та з району Волгодонська (Ростовська область).

44 крилаті ракети було знищено силами та засобами Повітряних Сил у зонах відповідальності повітряного командування «Центр» – 18, повітряного командування «Південь» – 12, повітряне командування «Схід» – 9, повітряного командування «Захід» – 5!

???? Слава Україні!
?? Разом – до перемоги!"
68;11.10.2022 10:32;"АТАКА З КАСПІЮ ТРИВАЄ!
-----------------------------
Ворог продовжує атакувати Україну високоточною зброєю.
Близько 7 ранку 11 жовтня з району Каспійського моря працює стратегічна авіація окупантів – ракетоносці Ту-95 та Ту-160. По території України було випущено ракети типу Х-101/Х-555.

Близько 9.00 чотири ракети знищено силами та засобами повітряного командування «Південь».

До бойової роботи по крилатих ракетах задіяно авіацію, зенітні ракетні війська, а також мобільні вогневі групи Повітряних Сил ЗС України.

Зафіксовано повторні пуски!
Бойова робота по ракетах триває!
Залишайтесь в укритті!"
69;06.09.2022 09:44;"??ЗБИТО П’ЯТЬ КРИЛАТИХ РАКЕТ Х-101 ТА ВЕРТОЛІТ Ка-52 ОКУПАНТІВ
--------------------------
6 вересня, близько 8.00 години ранку, на півдні та сході країни підрозділами зенітних ракетних військ Повітряних Сил знищено п’ять із шести крилатих ракет Х-101, випущених із літаків Ту-95МС з району Каспійського моря.

Крім того, сьогодні підрозділом зенітних ракетних військ Повітряних Сил, знищено ударний вертоліт російських окупантів Ка-52 «Алігатор». 

???? Слава Україні!
?? Разом – до перемоги!"
70;08.08.2022 13:12;"??ПО ВІННИЧЧИНІ ВДАРИЛИ ""КИНДЖАЛАМИ""

7 серпня по військових об’єктах у Вінницькій області російські окупанти застосували гіперзвукові ракети повітряного базування Х-47М «Кинджал».

Основним носієм ракет цього типу є винищувач МіГ-31, також можуть застосовуватись бомбардувальники Ту-22М3 та Ту-160.

Це найновіший тип ракет, які має на озброєнні росія. Після прийняття на озброєння у 2018 році, їх випущено усього декілька десятків. Бойова частина Х-47М становить 500 кг, швидкість ракети 3500 – понад 12000 км/год.

Після пуску з літака ракета піднімається на велику висоту у верхні шари атмосфери. А при заході на ціль по балістичній траєкторії може розвивати швидкість близько 12 тис. км/год.

Тактико-технічні характеристики цієї ракети не дозволяють існуючим в Збройних Силах України засобам протиповітряної оборони ефективно виявляти та знищувати її.

Із 24 лютого 2022 року зафіксовано лише декілька бойових застосувань ракет цього типу, які противник намагається використовувати по надзвичайно важливих цілях."
71;16.07.2022 18:41;"ПОВІТРЯНІ СИЛИ ВІДБИВАЮТЬ РАКЕТНИЙ УДАР З КАСПІЮ
------------------------
Близько 15.20 16 липня стратегічні бомбардувальники Ту-95МС російських окупаційних військ завдали ракетного удару по Україні з району Каспійського моря.

Ворог випустив шість ракет типу Х-101(Х-555).

Близько 16.30 чотири ракети було знищено підрозділами протиповітряної оборони повітряного командування «Схід» на Запоріжжі та Дніпропетровщині.

Решта – влучила у сільськогосподарське підприємство на Черкащині. Дані про збитки та потерпілих уточнюються.

???? Слава Україні!
Разом – до перемоги!

#stoprussia
#ArmUkraineNow"
72;05.06.2022 12:30;"???? Повітряне командування «Центр» інформує:
??ЗНИЩЕНО КРИЛАТУ РАКЕТУ ОКУПАНТА

Сьогодні 5 червня, зранку ворог випустив декілька ракет у напрямку Києва.

Близько 06.00 військовослужбовцями підрозділу зенітних ракетних військ повітряного командування “Центр”  їх було виявлено та обстріляно - знищена одна крилата ракета.

За попередніми даними рашисти здійснили пуски ракет з літаків Ту-95 з акваторії Каспійського моря. 

Не нехтуйте попередженнями про небезпеку у повітрі! 

Б’ємо ворога надалі!  Все буде Україна!????

#stoprussia"
73;25.05.2022 23:22;"УКРАЇНСЬКІ ВИНИЩУВАЧІ ЗБИВАЮТЬ ДВІ КРИЛАТІ РАКЕТИ

25 травня окупанти продовжують обстрілювати територію України крилатими ракетами. 

Близько 20-ї години із території росії було завдано ракетних ударів дальніми бомбардувальниками Ту-22М3 по угрупованнях Збройних Сил України на Донецькому та Луганському напрямках. Також ракети окупантів полетіли у бік України і з південного напрямку.

Дві крилаті ракети вдалося перехопити та знищити винищувачами Повітряних Сил Збройних Сил України. 

Ударна авіація Повітряних Сил вкотре завдає удару по позиціях окупаційних військ. Цього разу – уражено ротно-тактичну групу! Знищено живу силу та близько десяти одиниць легкої броньованої техніки.

Крім того, протиповітряна оборона Сухопутних військ та зенітні ракетні війська ПС збивають 5 БпЛА типу «Орлан-10». 

Тож за добу знищено:
?? 5 БпЛА («Орлан-10»);
?? 2 крилаті ракети;
?? 10 од. легкої броньованої техніки.
#stoprussia"
74;04.05.2022 00:01;"Увечері 3 травня – повітряна тривога по всій території України! Стратегічні бомбардувальники росії Ту-95 або ж Ту-160 завдають ракетного удару із Каспійського регіону.

Орієнтовно випущено 18 ракет, які влучили по об’єктах інфраструктури Дніпропетровської, Кіровоградської, Львівської, Вінницької, Київської та Закарпатської областей. Також із інших засобів нанесено ракетні удари по Одеській та Донецькій обл.

За попередніми даними за добу 3 травня протиповітряною обороною Повітряних Сил та Сухопутних військ збито щонайменше 8 крилатих ракет, дані уточнюються. Також є відомості про ураження 7 безпілотників та однієї авіаційної ракети.

Окупанти бережуть свої  літаки та вертольоти, тому не входять у контрольований Збройними Силами України повітряний простір.
Натомість авіація Повітряних Сил протягом доби здійснила десятки авіавильотів. Під прикриттям винищувачів групи ударної авіації нанесли близько десяти ракетно-бомбових ударів по скупченню військ противника, складах боєприпасів та живій силі.
#stoprussia"
75;25.04.2022 11:58;"????Повітряне командування «Захід» інформує:

??ЗНИЩЕНО ДВІ КРИЛАТІ РАКЕТИ ОКУПАНТІВ

Зранку, 25 квітня, з південно-східного напрямку, із літаків стратегічної авіації імовірно Ту-95, окупантами завдано декілька ракетних ударів по Західному регіону з метою знищення об'єктів критичної інфраструктури. 

Підрозділами зенітних ракетних військ повітряного командування ''Захід'' знищено дві крилаті ракети окупантів.

Разом до перемоги! ????

#stoprussia"
76;01.03.2022 20:40;"ПО ЖІНКАХ ТА ДІТЯХ – ВИСОКОТОЧНОЮ ЗБРОЄЮ
Учора, 28 лютого, стратегічний бомбардувальник-ракетоносець Ту-22м3, немов на навчаннях, не перетинаючи лінію державного кордону, завдав ударів ПО МИРНИХ ЖИТЛОВИХ КВАРТАЛАХ Харкова ВИСОКОТОЧНОЮ ЗБРОЄЮ – ракетами класу «повітря-поверхня». Бомбардувальник зробив чотири заходи по курсу н.п. Бєсєдино (Курська обл.) – Бєлгород, випустивши по беззахисному місту близько 16 ракет.
Жахливі наслідки ракетного удару рашистів зафіксували місцеві мешканці. Зруйновано багатоповерхівки, школи, дитсадки та інша інфраструктура міста. За попередніми даними, від цих авіаударів загинули десятки харків’ян, серед них і діти.
Повітряні Сили зафіксували цей злочин проти людяності у проміжку часу з 19.07 по 19.51 28 лютого 2022 року. У свій час матеріали обов’язково передадуть до Гааги.
На жаль, у ситуації, що склалася, Повітряним Силам вкрай складно прикривати небо у цьому регіоні, адже частина системи ППО країни знищена ударами балістичних та крилатих ракет рашистів."
